<?xml version="1.0" encoding="UTF-8"?>
<beans xmlns="http://www.springframework.org/schema/beans"
	xmlns:xsi="http://www.w3.org/2001/XMLSchema-instance"
	xmlns:aop="http://www.springframework.org/schema/aop"
	xsi:schemaLocation="http://www.springframework.org/schema/beans 
	http://www.springframework.org/schema/beans/spring-beans-4.0.xsd">




	<bean id="student" class="com.morningstar.model.Student">
		<property name="studentId" value="100"></property>
		<property name="studentName" value="Bhairavi"></property>
		<property name="studentScore" value="90"></property>
		<property name="address" ref="address"></property> <!-- id of address bean -->
	</bean>

	<bean id="address" class="com.morningstar.model.Address">
		<property name="addressId" value="1"></property>
		<property name="city" value="Pune"></property>
		<property name="pincode" value="400125"></property>
	</bean>

	<bean id="service" class="com.morningstar.service.StudentServiceImpl" scope="singleton">
		<property name="dao" ref="dao"></property>
	</bean>

	<bean id="dao" class="com.morningstar.dao.StudentDaoSpringJdbcImpl" scope="singleton">
		<property name="template" ref="template"></property>
	</bean>
	
	<bean id="template" class="org.springframework.jdbc.core.JdbcTemplate" scope="singleton">
		<property name="dataSource" ref="dataSource"></property>
	</bean>
	
	<bean id="dataSource" class="org.springframework.jdbc.datasource.DriverManagerDataSource" scope="singleton">
		<property name="driverClassName" value="oracle.jdbc.driver.OracleDriver"></property>
		<property name="url" value="jdbc:oracle:thin:@localhost:1521:XE"></property>
		<property name="username" value="hr"></property>
		<property name="password" value="hr"></property>

	</bean>

</beans>
