<?xml version="1.0" encoding="UTF-8"?>
<beans xmlns="http://www.springframework.org/schema/beans"
	xmlns:xsi="http://www.w3.org/2001/XMLSchema-instance"
	xmlns:aop="http://www.springframework.org/schema/aop"
	xsi:schemaLocation="http://www.springframework.org/schema/beans 
	http://www.springframework.org/schema/beans/spring-beans-4.0.xsd">

	<bean id="employee" class="com.morningstar.model.Employee">
		<property name="employeeId" value="1"></property>
		<property name="employeeName" value="Bhairavi"></property>
		<property name="employeeSalary" value="60000"></property>
		<property name="employeeEmail" value="b@gmail.com"></property>
		<property name="employeeDOJ" value="22/04/07"></property>
	</bean>


</beans>
