<?xml version="1.0" encoding="UTF-8"?>
<beans xmlns="http://www.springframework.org/schema/beans"
	xmlns:xsi="http://www.w3.org/2001/XMLSchema-instance"
	xmlns:context="http://www.springframework.org/schema/context"
	xsi:schemaLocation="http://www.springframework.org/schema/beans
http://www.springframework.org/schema/beans/spring-beans.xsd
http://www.springframework.org/schema/context
http://www.springframework.org/schema/context/spring-context.xsd">

	<context:component-scan
		base-package="com.morningstar"></context:component-scan>

	<bean id="resolver"
		class="org.springframework.web.servlet.view.InternalResourceViewResolver">
		<property name="prefix" value="WEB-INF/pages/"></property>
		<property name="suffix" value=".jsp"></property>
	</bean>
	
	
	<bean id="service" class="com.morningstar.service.StudentServiceImpl" scope="singleton">
		<property name="dao" ref="dao"></property>
	</bean>

	<bean id="dao" class="com.morningstar.dao.StudentDaoImpl" scope="singleton">
	
	</bean>
	
</beans>

