<?xml version="1.0" encoding="UTF-8"?>
<beans xmlns="http://www.springframework.org/schema/beans"
	xmlns:xsi="http://www.w3.org/2001/XMLSchema-instance"
	xmlns:context="http://www.springframework.org/schema/context"
	xsi:schemaLocation="http://www.springframework.org/schema/beans
http://www.springframework.org/schema/beans/spring-beans.xsd
http://www.springframework.org/schema/context
http://www.springframework.org/schema/context/spring-context.xsd">



	<context:component-scan
		base-package="com.morningstar"></context:component-scan>

	<bean id="resolver"
		class="org.springframework.web.servlet.view.InternalResourceViewResolver">
		<property name="prefix" value="WEB-INF/Pages/"></property>
		<property name="suffix" value=".jsp"></property>
	</bean>

	<bean id="template"
		class="org.springframework.jdbc.core.JdbcTemplate" scope="singleton">
		<property name="dataSource" ref="dataSource"></property>


	</bean>


	<bean id="dataSource"
		class="org.springframework.jdbc.datasource.DriverManagerDataSource">
		<property name="driverClassName"
			value="oracle.jdbc.driver.OracleDriver"></property>
		<property name="url"
			value="jdbc:oracle:thin:@localhost:1521:XE"></property>
		<property name="username" value="hr"></property>
		<property name="password" value="hr"></property>
		
		<!-- <property name="hibernate.hbm2ddl.auto" value="update"/> -->
	</bean>

</beans>
		

