<?xml version="1.0" encoding="UTF-8"?>
<beans xmlns="http://www.springframework.org/schema/beans"
	xmlns:xsi="http://www.w3.org/2001/XMLSchema-instance"
	xmlns:aop="http://www.springframework.org/schema/aop"
	xsi:schemaLocation="http://www.springframework.org/schema/beans 
	http://www.springframework.org/schema/beans/spring-beans-4.0.xsd">




	<bean id="student" class="com.morningstar.model.Student">
		<property name="studentId" value="100"></property>
		<property name="studentName" value="Bhairavi"></property>
		<property name="studentScore" value="90"></property>
		<property name="address" ref="Address"></property> <!-- id of address bean -->
	</bean>

	<bean id="Address" class="com.morningstar.model.Address">
		<property name="addressId" value="1"></property>
		<property name="city" value="Pune"></property>
		<property name="pincode" value="400125"></property>
	</bean>



</beans>
