<?xml version="1.0" encoding="UTF-8"?>
<beans xmlns="http://www.springframework.org/schema/beans"
	xmlns:xsi="http://www.w3.org/2001/XMLSchema-instance" 
	xmlns:aop="http://www.springframework.org/schema/aop"
	xsi:schemaLocation="http://www.springframework.org/schema/beans 
	http://www.springframework.org/schema/beans/spring-beans-4.0.xsd">
	
	<!-- Setter Injection -->
	<bean id="student" class="com.morningstar.model.Student" scope="prototype">
		<property name="studentId" value="100"></property>
		<property name="studentName" value="Bhairavi"></property>
		<property name="studentScore" value="90"></property>
	</bean>

	<!-- constructor Injection -->
	<bean id="student2" class="com.morningstar.model.Student" >
		<constructor-arg name="studentId" value="101"></constructor-arg>
		<constructor-arg name="studentName" value="Siddhant"></constructor-arg>
		<constructor-arg name="studentScore" value="95"></constructor-arg>
	</bean>



</beans>
